#atomtype|element|q_min|q_max|charge_mutability|bondtype|poltype|zetatype|acmtype|epsilon_min|epsilon_max|epsilon_mutability|gamma_min|gamma_max|gamma_mutability|sigma_min|sigma_max|sigma_mutability|delta_min|delta_max|delta_mutability|radius|row|alpha_min|alpha_max|alpha_mutability|zeta_min|zeta_max|zeta_mutability|eta_min|eta_max|eta_mutability|chi_min|chi_max|chi_mutability|aexp_min|aexp_max|aexp_mutability|bexp_min|bexp_max|bexp_mutability|comment|reference
#|||||||||kJ/mol||||||nm||||||nm||A3|A3||1/nm|1/nm||eV|||eV||||||||||
hc|H|0|0|ACM|h_b|hc_s|hc_z|hc_z|0|2|Bounded|3|20|Bounded|0.1|0.45|Bounded|1|10|Bounded|0.031|1||||20|60|Bounded|4|24|Bounded|2|2|Fixed|2000|50000|Bounded|10|70|Bounded|hydrogen|
hc_s|X|-2|-0.6|Bounded|||hc_s_z||0|0|Fixed|0|0|Fixed|0|0|Fixed|0|0|Fixed|0|0|0.01|1|Bounded|4|30|Bounded|||||||0|0|Fixed|10|10|Fixed|hydrogen shell|
h1|H|0|0|ACM|h_b|h1_s|h1_z|h1_z|0|2|Bounded|3|20|Bounded|0.1|0.45|Bounded|1|10|Bounded|0.031|1||||20|60|Bounded|4|24|Bounded|2|2|Fixed|2000|50000|Bounded|10|70|Bounded|hydrogen|
h1_s|X|-2|-0.6|Bounded|||h1_s_z||0|0|Fixed|0|0|Fixed|0|0|Fixed|0|0|Fixed|0|0|0.01|1|Bounded|4|30|Bounded|||||||0|0|Fixed|10|10|Fixed|hydrogen shell|
h2|H|0|0|ACM|h_b|h2_s|h2_z|h2_z|0|2|Bounded|3|20|Bounded|0.1|0.45|Bounded|1|10|Bounded|0.031|1||||20|60|Bounded|4|24|Bounded|2|2|Fixed|2000|50000|Bounded|10|70|Bounded|hydrogen|
h2_s|X|-2|-0.6|Bounded|||h2_s_z||0|0|Fixed|0|0|Fixed|0|0|Fixed|0|0|Fixed|0|0|0.01|1|Bounded|4|30|Bounded|||||||0|0|Fixed|10|10|Fixed|hydrogen shell|
h3|H|0|0|ACM|h_b|h3_s|h3_z|h3_z|0|2|Bounded|3|20|Bounded|0.1|0.45|Bounded|1|10|Bounded|0.031|1||||20|60|Bounded|4|24|Bounded|2|2|Fixed|2000|50000|Bounded|10|70|Bounded|hydrogen|
h3_s|X|-2|-0.6|Bounded|||h3_s_z||0|0|Fixed|0|0|Fixed|0|0|Fixed|0|0|Fixed|0|0|0.01|1|Bounded|4|30|Bounded|||||||0|0|Fixed|10|10|Fixed|hydrogen shell|
h4|H|0|0|ACM|h_b|h4_s|h4_z|h4_z|0|2|Bounded|3|20|Bounded|0.1|0.45|Bounded|1|10|Bounded|0.031|1||||20|60|Bounded|4|24|Bounded|2|2|Fixed|2000|50000|Bounded|10|70|Bounded|hydrogen|
h4_s|X|-2|-0.6|Bounded|||h4_s_z||0|0|Fixed|0|0|Fixed|0|0|Fixed|0|0|Fixed|0|0|0.01|1|Bounded|4|30|Bounded|||||||0|0|Fixed|10|10|Fixed|hydrogen shell|
h5|H|0|0|ACM|h_b|h5_s|h5_z|h5_z|0|2|Bounded|3|20|Bounded|0.1|0.45|Bounded|1|10|Bounded|0.031|1||||20|60|Bounded|4|24|Bounded|2|2|Fixed|2000|50000|Bounded|10|70|Bounded|hydrogen|
h5_s|X|-2|-0.6|Bounded|||h5_s_z||0|0|Fixed|0|0|Fixed|0|0|Fixed|0|0|Fixed|0|0|0.01|1|Bounded|4|30|Bounded|||||||0|0|Fixed|10|10|Fixed|hydrogen shell|
ha|H|0|0|ACM|h_b|ha_s|ha_z|ha_z|0|2|Bounded|3|20|Bounded|0.1|0.45|Bounded|1|10|Bounded|0.031|1||||20|60|Bounded|4|24|Bounded|2|2|Fixed|2000|50000|Bounded|10|70|Bounded|hydrogen|
ha_s|X|-2|-0.6|Bounded|||ha_s_z||0|0|Fixed|0|0|Fixed|0|0|Fixed|0|0|Fixed|0|0|0.01|1|Bounded|4|30|Bounded|||||||0|0|Fixed|10|10|Fixed|hydrogen shell|
hn|H|0|0|ACM|h_b|hn_s|hn_z|hn_z|0|2|Bounded|3|20|Bounded|0.1|0.45|Bounded|1|10|Bounded|0.031|1||||20|60|Bounded|4|24|Bounded|2|2|Fixed|2000|50000|Bounded|10|70|Bounded|hydrogen|
hn_s|X|-2|-0.6|Bounded|||hn_s_z||0|0|Fixed|0|0|Fixed|0|0|Fixed|0|0|Fixed|0|0|0.01|1|Bounded|4|30|Bounded|||||||0|0|Fixed|10|10|Fixed|hydrogen shell|
ho|H|0|0|ACM|h_b|ho_s|ho_z|ho_z|0|2|Bounded|3|20|Bounded|0.1|0.45|Bounded|1|10|Bounded|0.031|1||||20|60|Bounded|4|24|Bounded|2|2|Fixed|2000|50000|Bounded|10|70|Bounded|hydrogen|
ho_s|X|-2|-0.6|Bounded|||ho_s_z||0|0|Fixed|0|0|Fixed|0|0|Fixed|0|0|Fixed|0|0|0.01|1|Bounded|4|30|Bounded|||||||0|0|Fixed|10|10|Fixed|hydrogen shell|
hf|H|0|0|ACM|h_b|hf_s|hf_z|hf_z|0|2|Bounded|3|20|Bounded|0.1|0.45|Bounded|1|10|Bounded|0.031|1||||20|60|Bounded|4|24|Bounded|2|2|Fixed|2000|50000|Bounded|10|70|Bounded|hydrogen|
hf_s|X|-2|-0.6|Bounded|||hf_s_z||0|0|Fixed|0|0|Fixed|0|0|Fixed|0|0|Fixed|0|0|0.01|1|Bounded|4|30|Bounded|||||||0|0|Fixed|10|10|Fixed|hydrogen shell|
hp|H|0|0|ACM|h_b|hp_s|hp_z|hp_z|0|2|Bounded|3|20|Bounded|0.1|0.45|Bounded|1|10|Bounded|0.031|1||||20|60|Bounded|4|24|Bounded|2|2|Fixed|2000|50000|Bounded|10|70|Bounded|hydrogen|
hp_s|X|-2|-0.6|Bounded|||hp_s_z||0|0|Fixed|0|0|Fixed|0|0|Fixed|0|0|Fixed|0|0|0.01|1|Bounded|4|30|Bounded|||||||0|0|Fixed|10|10|Fixed|hydrogen shell|
hs|H|0|0|ACM|h_b|hs_s|hs_z|hs_z|0|2|Bounded|3|20|Bounded|0.1|0.45|Bounded|1|10|Bounded|0.031|1||||20|60|Bounded|4|24|Bounded|2|2|Fixed|2000|50000|Bounded|10|70|Bounded|hydrogen|
hs_s|X|-2|-0.6|Bounded|||hs_s_z||0|0|Fixed|0|0|Fixed|0|0|Fixed|0|0|Fixed|0|0|0.01|1|Bounded|4|30|Bounded|||||||0|0|Fixed|10|10|Fixed|hydrogen shell|
hcl|H|0|0|ACM|h_b|hcl_s|hcl_z|hcl_z|0|2|Bounded|3|20|Bounded|0.1|0.45|Bounded|1|10|Bounded|0.031|1||||20|60|Bounded|4|24|Bounded|2|2|Fixed|2000|50000|Bounded|10|70|Bounded|hydrogen|
hcl_s|X|-2|-0.6|Bounded|||hcl_s_z||0|0|Fixed|0|0|Fixed|0|0|Fixed|0|0|Fixed|0|0|0.01|1|Bounded|4|30|Bounded|||||||0|0|Fixed|10|10|Fixed|hydrogen shell|
hbr|H|0|0|ACM|h_b|hbr_s|hbr_z|hbr_z|0|2|Bounded|3|20|Bounded|0.1|0.45|Bounded|1|10|Bounded|0.031|1||||20|60|Bounded|4|24|Bounded|2|2|Fixed|2000|50000|Bounded|10|70|Bounded|hydrogen|
hbr_s|X|-2|-0.6|Bounded|||hbr_s_z||0|0|Fixed|0|0|Fixed|0|0|Fixed|0|0|Fixed|0|0|0.01|1|Bounded|4|30|Bounded|||||||0|0|Fixed|10|10|Fixed|hydrogen shell|
hi|H|0|0|ACM|h_b|hi_s|hi_z|hi_z|0|2|Bounded|3|20|Bounded|0.1|0.45|Bounded|1|10|Bounded|0.031|1||||20|60|Bounded|4|24|Bounded|2|2|Fixed|2000|50000|Bounded|10|70|Bounded|hydrogen|
hi_s|X|-2|-0.6|Bounded|||hi_s_z||0|0|Fixed|0|0|Fixed|0|0|Fixed|0|0|Fixed|0|0|0.01|1|Bounded|4|30|Bounded|||||||0|0|Fixed|10|10|Fixed|hydrogen shell|
hw|H|0|0|ACM|hw_b|hw_s|hw_z|hw_z|0|2|Bounded|3|20|Bounded|0.1|0.45|Bounded|1|10|Bounded|0.031|1||||20|60|Bounded|4|24|Bounded|2|2|Fixed|2000|50000|Bounded|10|70|Bounded|hydrogen|
hw_s|X|-2|-0.6|Bounded|||hw_s_z||0|0|Fixed|0|0|Fixed|0|0|Fixed|0|0|Fixed|0|0|0.01|1|Bounded|4|30|Bounded|||||||0|0|Fixed|10|10|Fixed|hydrogen shell|
b|B|0|0|ACM|b_b|b_s|b_z|b_z|0.5|2|Bounded|7|20|Bounded|0.2|0.6|Bounded|1|10|Bounded|0.098|2||||20|60|Bounded|4|24|Bounded|2|9|Bounded|2000|50000|Bounded|10|70|Bounded|boron|
b_s|X|-2|-0.6|Bounded|||b_s_z||0|0|Fixed|0|0|Fixed|0|0|Fixed|0|0|Fixed|0|0|0.4|2.5|Bounded|4|30|Bounded|||||||0|0|Fixed|10|10|Fixed|boron shell|
c1|C|0|0|ACM|c1_b|c1_s|c1_z|c1_z|0.5|2|Bounded|7|20|Bounded|0.2|0.6|Bounded|1|10|Bounded|0.069|2||||20|60|Bounded|4|24|Bounded|2|9|Bounded|2000|50000|Bounded|10|70|Bounded|sp carbon|
c1_s|X|-4|-1|Bounded|||c1_s_z||0|0|Fixed|0|0|Fixed|0|0|Fixed|0|0|Fixed|0|0|0.4|2.5|Bounded|4|30|Bounded|||||||0|0|Fixed|10|10|Fixed|sp carbon shell|
c2|C|0|0|ACM|c2_b|c2_s|c2_z|c2_z|0.3|2|Bounded|7|20|Bounded|0.2|0.6|Bounded|1|10|Bounded|0.073|2||||20|60|Bounded|4|24|Bounded|2|9|Bounded|2000|50000|Bounded|10|70|Bounded|sp2 carbon|
c2_s|X|-4|-1|Bounded|||c2_s_z||0|0|Fixed|0|0|Fixed|0|0|Fixed|0|0|Fixed|0|0|0.4|2.5|Bounded|4|30|Bounded|||||||0|0|Fixed|10|10|Fixed|sp2 carbon shell|
c3|C|0|0|ACM|c3_b|c3_s|c3_z|c3_z|0.3|2|Bounded|7|20|Bounded|0.2|0.6|Bounded|1|10|Bounded|0.076|2||||20|60|Bounded|4|24|Bounded|2|9|Bounded|2000|50000|Bounded|10|70|Bounded|sp3 carbon|
c3_s|X|-4|-1|Bounded|||c3_s_z||0|0|Fixed|0|0|Fixed|0|0|Fixed|0|0|Fixed|0|0|0.4|2.5|Bounded|4|30|Bounded|||||||0|0|Fixed|10|10|Fixed|sp3 carbon shell|
n1|N|0|0|ACM|n1_b|n1_s|n1_z|n1_z|0.3|4|Bounded|7|20|Bounded|0.2|0.6|Bounded|1|10|Bounded|0.071|2||||20|60|Bounded|4|24|Bounded|3|12|Bounded|2000|50000|Bounded|10|70|Bounded|sp1 nitrogen|
n1_s|X|-4|-1|Bounded|||n1_s_z||0|0|Fixed|0|0|Fixed|0|0|Fixed|0|0|Fixed|0|0|0.4|2.5|Bounded|4|30|Bounded|||||||0|0|Fixed|10|10|Fixed|sp1 nitrogen shell|
n2|N|0|0|ACM|n2_b|n2_s|n2_z|n2_z|0.3|4|Bounded|7|20|Bounded|0.2|0.6|Bounded|1|10|Bounded|0.071|2||||20|60|Bounded|4|24|Bounded|3|12|Bounded|2000|50000|Bounded|10|70|Bounded|sp2 nitrogen|
n2_s|X|-4|-1|Bounded|||n2_s_z||0|0|Fixed|0|0|Fixed|0|0|Fixed|0|0|Fixed|0|0|0.4|2.5|Bounded|4|30|Bounded|||||||0|0|Fixed|10|10|Fixed|sp2 nitrogen shell|
n3|N|0|0|ACM|n3_b|n3_s|n3_z|n3_z|0.3|4|Bounded|7|20|Bounded|0.2|0.6|Bounded|1|10|Bounded|0.071|2||||20|60|Bounded|4|24|Bounded|3|12|Bounded|2000|50000|Bounded|10|70|Bounded|sp3 nitrogen|
n3_s|X|-4|-1|Bounded|||n3_s_z||0|0|Fixed|0|0|Fixed|0|0|Fixed|0|0|Fixed|0|0|0.4|2.5|Bounded|4|30|Bounded|||||||0|0|Fixed|10|10|Fixed|sp3 nitrogen shell|
n4|N|0|0|ACM|n4_b|n4_s|n4_z|n4_z|0.3|4|Bounded|7|20|Bounded|0.2|0.6|Bounded|1|10|Bounded|0.071|2||||20|60|Bounded|4|24|Bounded|3|12|Bounded|2000|50000|Bounded|10|70|Bounded|positively charged sp3 nitrogen|
n4_s|X|-4|-1|Bounded|||n4_s_z||0|0|Fixed|0|0|Fixed|0|0|Fixed|0|0|Fixed|0|0|0.4|2.5|Bounded|4|30|Bounded|||||||0|0|Fixed|10|10|Fixed|positively charged sp3 nitrogen shell|
o1|O|0|0|ACM|o1_b|o1_s|o1_z|o1_z|0.5|4|Bounded|7|20|Bounded|0.2|0.6|Bounded|1|10|Bounded|0.066|2||||20|60|Bounded|4|24|Bounded|3|12|Bounded|2000|50000|Bounded|10|70|Bounded|sp oxygen|
o1_s|X|-4|-1|Bounded|||o1_s_z||0|0|Fixed|0|0|Fixed|0|0|Fixed|0|0|Fixed|0|0|0.4|2.5|Bounded|4|30|Bounded|||||||0|0|Fixed|10|10|Fixed|sp oxygen shell|
o2|O|0|0|ACM|o2_b|o2_s|o2_z|o2_z|0.5|4|Bounded|7|20|Bounded|0.2|0.6|Bounded|1|10|Bounded|0.066|2||||20|60|Bounded|4|24|Bounded|3|12|Bounded|2000|50000|Bounded|10|70|Bounded|sp2 oxygen|
o2_s|X|-4|-1|Bounded|||o2_s_z||0|0|Fixed|0|0|Fixed|0|0|Fixed|0|0|Fixed|0|0|0.4|2.5|Bounded|4|30|Bounded|||||||0|0|Fixed|10|10|Fixed|sp2 oxygen shell|
o3|O|0|0|ACM|o3_b|o3_s|o3_z|o3_z|0.5|4|Bounded|7|20|Bounded|0.2|0.6|Bounded|1|10|Bounded|0.066|2||||20|60|Bounded|4|24|Bounded|3|12|Bounded|2000|50000|Bounded|10|70|Bounded|sp3 oxygen|
o3_s|X|-4|-1|Bounded|||o3_s_z||0|0|Fixed|0|0|Fixed|0|0|Fixed|0|0|Fixed|0|0|0.4|2.5|Bounded|4|30|Bounded|||||||0|0|Fixed|10|10|Fixed|sp3 oxygen shell|
ow|O|0|0|ACM|ow_b|ow_s|ow_z|ow_z|0.5|4|Bounded|7|20|Bounded|0.2|0.6|Bounded|1|10|Bounded|0.066|2||||20|60|Bounded|4|24|Bounded|3|12|Bounded|2000|50000|Bounded|10|70|Bounded|sp3 oxygen|
ow_s|X|-4|-1|Bounded|||ow_s_z||0|0|Fixed|0|0|Fixed|0|0|Fixed|0|0|Fixed|0|0|0.4|2.5|Bounded|4|30|Bounded|||||||0|0|Fixed|10|10|Fixed|sp3 oxygen shell|
f|F|0|0|ACM|f_b|f_s|f_z|f_z|0.2|4|Bounded|7|20|Bounded|0.3|0.5|Bounded|1|10|Bounded|0.057|2||||20|60|Bounded|4|24|Bounded|3|14|Bounded|2000|50000|Bounded|10|70|Bounded|fluorine|
f_s|X|-6|-1|Bounded|||f_s_z||0|0|Fixed|0|0|Fixed|0|0|Fixed|0|0|Fixed|0|0|0.2|2.5|Bounded|4|30|Bounded|||||||0|0|Fixed|10|10|Fixed|fluorine shell|
p1|P|0|0|ACM|p1_b|p1_s|p1_z|p1_z|0.5|4|Bounded|7|20|Bounded|0.3|0.6|Bounded|1|10|Bounded|0.107|3||||20|60|Bounded|4|24|Bounded|3|14|Bounded|2000|50000|Bounded|10|70|Bounded|sp phosphor|
p1_s|X|-6|-1|Bounded|||p1_s_z||0|0|Fixed|0|0|Fixed|0|0|Fixed|0|0|Fixed|0|0|1|3|Bounded|4|30|Bounded|||||||0|0|Fixed|10|10|Fixed|sp phosphor shell|
p2|P|0|0|ACM|p2_b|p2_s|p2_z|p2_z|0.5|4|Bounded|7|20|Bounded|0.3|0.6|Bounded|1|10|Bounded|0.107|3||||20|60|Bounded|4|24|Bounded|4|14|Bounded|2000|50000|Bounded|10|70|Bounded|sp2 phosphor|
p2_s|X|-6|-1|Bounded|||p2_s_z||0|0|Fixed|0|0|Fixed|0|0|Fixed|0|0|Fixed|0|0|1|3|Bounded|4|30|Bounded|||||||0|0|Fixed|10|10|Fixed|sp2 phosphor shell|
p3|P|0|0|ACM|p3_b|p3_s|p3_z|p3_z|0.5|4|Bounded|7|20|Bounded|0.3|0.6|Bounded|1|10|Bounded|0.107|3||||20|60|Bounded|4|24|Bounded|4|14|Bounded|2000|50000|Bounded|10|70|Bounded|sp3 phosphor|
p3_s|X|-6|-1|Bounded|||p3_s_z||0|0|Fixed|0|0|Fixed|0|0|Fixed|0|0|Fixed|0|0|1|3|Bounded|4|30|Bounded|||||||0|0|Fixed|10|10|Fixed|sp3 phosphor shell|
s1|S|0|0|ACM|s1_b|s1_s|s1_z|s1_z|0.6|4|Bounded|7|20|Bounded|0.3|0.6|Bounded|1|10|Bounded|0.105|3||||20|60|Bounded|4|24|Bounded|4|9|Bounded|2000|50000|Bounded|10|70|Bounded|sp sulfur|
s1_s|X|-6|-1|Bounded|||s1_s_z||0|0|Fixed|0|0|Fixed|0|0|Fixed|0|0|Fixed|0|0|1|3|Bounded|4|30|Bounded|||||||0|0|Fixed|10|10|Fixed|sp sulfur shell|
s2|S|0|0|ACM|s2_b|s2_s|s2_z|s2_z|0.6|4|Bounded|7|20|Bounded|0.3|0.6|Bounded|1|10|Bounded|0.105|3||||20|60|Bounded|4|24|Bounded|4|9|Bounded|2000|50000|Bounded|10|70|Bounded|sp2 sulfur|
s2_s|X|-6|-1|Bounded|||s2_s_z||0|0|Fixed|0|0|Fixed|0|0|Fixed|0|0|Fixed|0|0|1|3|Bounded|4|30|Bounded|||||||0|0|Fixed|10|10|Fixed|sp2 sulfur shell|
s3|S|0|0|ACM|s3_b|s3_s|s3_z|s3_z|0.6|4|Bounded|7|20|Bounded|0.3|0.6|Bounded|1|10|Bounded|0.105|3||||20|60|Bounded|4|24|Bounded|4|9|Bounded|2000|50000|Bounded|10|70|Bounded|sp3 sulfur|
s3_s|X|-6|-1|Bounded|||s3_s_z||0|0|Fixed|0|0|Fixed|0|0|Fixed|0|0|Fixed|0|0|1|3|Bounded|4|30|Bounded|||||||0|0|Fixed|10|10|Fixed|sp3 sulfur shell|
cl|Cl|0|0|ACM|cl_b|cl_s|cl_z|cl_z|0.4|4|Bounded|7|20|Bounded|0.3|0.6|Bounded|1|10|Bounded|0.102|3||||20|60|Bounded|4|24|Bounded|4|14|Bounded|2000|50000|Bounded|10|70|Bounded|chlorine|
cl_s|X|-6|-1|Bounded|||cl_s_z||0|0|Fixed|0|0|Fixed|0|0|Fixed|0|0|Fixed|0|0|2|5|Bounded|4|30|Bounded|||||||0|0|Fixed|10|10|Fixed|chlorine shell|
br|Br|0|0|ACM|br_b|br_s|br_z|br_z|0.6|6|Bounded|7|20|Bounded|0.3|0.7|Bounded|1|10|Bounded|0.12|4||||20|60|Bounded|4|24|Bounded|4|14|Bounded|2000|50000|Bounded|10|70|Bounded|bromine|
br_s|X|-6|-1|Bounded|||br_s_z||0|0|Fixed|0|0|Fixed|0|0|Fixed|0|0|Fixed|0|0|3|7|Bounded|4|30|Bounded|||||||0|0|Fixed|10|10|Fixed|bromine shell|
i|I|0|0|ACM|i_b|i_s|i_z|i_z|0.8|8|Bounded|7|20|Bounded|0.3|0.8|Bounded|1|10|Bounded|0.139|5||||20|60|Bounded|4|24|Bounded|4|14|Bounded|2000|50000|Bounded|10|70|Bounded|iodine|
i_s|X|-6|-1|Bounded|||i_s_z||0|0|Fixed|0|0|Fixed|0|0|Fixed|0|0|Fixed|0|0|4|10|Bounded|4|30|Bounded|||||||0|0|Fixed|10|10|Fixed|iodine shell|
# Virtual site particle|can be turned on or off independently|||||||||||||||||||||||||||||||||||||||||
v2f1|VS|0|1|Bounded|v2f1||v2f1_z||0|1|Bounded|0|1|Bounded|0|0.5|Bounded|0|1|Bounded|0|0||||5|20|Bounded|4|4|Fixed|4|4|Fixed|2000|50000|Bounded|10|70|Bounded|bond virtual site|
v2cl1|VS|0|1|Bounded|v2cl1||v2cl1_z||0|1|Bounded|0|1|Bounded|0|0.5|Bounded|0|1|Bounded|0|0||||5|20|Bounded|4|4|Fixed|4|4|Fixed|0|0|Bounded|10|70|Bounded|bond virtual site|
v2br1|VS|0|1|Bounded|v2br1||v2br1_z||0|1|Bounded|0|1|Bounded|0|0.5|Bounded|0|1|Bounded|0|0||||5|20|Bounded|4|4|Fixed|4|4|Fixed|2000|50000|Bounded|10|70|Bounded|bond virtual site|
v2i1|VS|0|1|Bounded|v2i1||v2i1_z||0|1|Bounded|0|1|Bounded|0|0.5|Bounded|0|1|Bounded|0|0||||5|20|Bounded|4|4|Fixed|4|4|Fixed|0|0|Bounded|10|70|Bounded|bond virtual site|
v2f2|VS|-2|2|Bounded|v2f2||v2f2_z||0|1|Bounded|0|1|Bounded|0|0.5|Bounded|0|1|Bounded|0|0||||5|20|Bounded|4|4|Fixed|4|4|Fixed|2000|50000|Bounded|10|70|Bounded|bond virtual site|
v2cl2|VS|-2|2|Bounded|v2cl2||v2cl2_z||0|1|Bounded|0|1|Bounded|0|0.5|Bounded|0|1|Bounded|0|0||||5|20|Bounded|4|4|Fixed|4|4|Fixed|0|0|Bounded|10|70|Bounded|bond virtual site|
v2br2|VS|-2|2|Bounded|v2br2||v2br2_z||0|1|Bounded|0|1|Bounded|0|0.5|Bounded|0|1|Bounded|0|0||||5|20|Bounded|4|4|Fixed|4|4|Fixed|2000|50000|Bounded|10|70|Bounded|bond virtual site|
v2i2|VS|-2|2|Bounded|v2i2||v2i2_z||0|1|Bounded|0|1|Bounded|0|0.5|Bounded|0|1|Bounded|0|0||||5|20|Bounded|4|4|Fixed|4|4|Fixed|0|0|Bounded|10|70|Bounded|bond virtual site|
v2f3|VS|-2|2|Bounded|v2f3||v2f3_z||0|1|Bounded|0|1|Bounded|0|0.5|Bounded|0|1|Bounded|0|0||||5|20|Bounded|4|4|Fixed|4|4|Fixed|2000|50000|Bounded|10|70|Bounded|bond virtual site|
v2cl3|VS|-2|2|Bounded|v2cl3||v2cl3_z||0|1|Bounded|0|1|Bounded|0|0.5|Bounded|0|1|Bounded|0|0||||5|20|Bounded|4|4|Fixed|4|4|Fixed|0|0|Bounded|10|70|Bounded|bond virtual site|
v2br3|VS|-2|2|Bounded|v2br3||v2br3_z||0|1|Bounded|0|1|Bounded|0|0.5|Bounded|0|1|Bounded|0|0||||5|20|Bounded|4|4|Fixed|4|4|Fixed|2000|50000|Bounded|10|70|Bounded|bond virtual site|
v2i3|VS|-2|2|Bounded|v2i3||v2i3_z||0|1|Bounded|0|1|Bounded|0|0.5|Bounded|0|1|Bounded|0|0||||5|20|Bounded|4|4|Fixed|4|4|Fixed|0|0|Bounded|10|70|Bounded|bond virtual site|
v3Ow|VS|-0.3|0.3|Bounded|v3Ow||v3Ow_z||0|0|Bounded|0|0|Fixed|0|0|Fixed|0|0|Fixed|0|0||||2|10|Bounded|4|24|Bounded|4|9|Bounded|0|0|Fixed|10|10|Fixed|Water lone pair virtual site|
v3bw|VS|-1.5|-0.5|Bounded|v3bw||v3bw_z||0|0|Bounded|0|0|Fixed|0|0|Fixed|0|0|Fixed|0|0||||2|10|Bounded|4|24|Bounded|4|9|Bounded|2000|50000|Fixed|10|10|Fixed|Water bisector virtual site|
# Ions|that can not use any ACM algorithm for charges|||||||||||||||||||||||||||||||||||||||||
Be2+|Be|0|0|ACM||Be2+_s|Be2+_z|Be2+_z|0.2|0.2|Bounded|10|20|Bounded|0.08|0.2|Bounded|1|6|Bounded|0.059|1||||20|60|Bounded|4|24|Bounded|4|9|Bounded|2000|50000|Bounded|10|70|Bounded|beryllium ion|
Be2+_s|X|-2|-0.5|Bounded|||Be2+_s_z||0|0|Fixed|0|0|Fixed|0|0|Fixed|0|0|Fixed|0|1|0.1|0.5|Bounded|4|30|Bounded|||||||0|0|Fixed|10|10|Fixed|beryllium ion shell|
Ca2+|Ca|0|0|ACM||Ca2+_s|Ca2+_z|Ca2+_z|0.2|0.2|Bounded|10|20|Bounded|0.08|0.2|Bounded|1|6|Bounded|0.114|1||||20|60|Bounded|4|24|Bounded|4|9|Bounded|2000|50000|Bounded|10|70|Bounded|calcium ion|
Ca2+_s|X|-6|-0.5|Bounded|||Ca2+_s_z||0|0|Fixed|0|0|Fixed|0|0|Fixed|0|0|Fixed|0|1|0.1|0.5|Bounded|4|30|Bounded|||||||0|0|Fixed|10|10|Fixed|calcium ion shell|
Mg2+|Mg|0|0|ACM||Mg2+_s|Mg2+_z|Mg2+_z|0.2|0.2|Bounded|10|20|Bounded|0.08|0.2|Bounded|1|6|Bounded|0.141|1||||20|60|Bounded|4|24|Bounded|4|9|Bounded|2000|50000|Bounded|10|70|Bounded|magnesium ion|?
Mg2+_s|X|-4|-0.5|Bounded|||Mg2+_s_z||0|0|Fixed|0|0|Fixed|0|0|Fixed|0|0|Fixed|0|1|0.1|0.5|Bounded|4|30|Bounded|||||||0|0|Fixed|10|10|Fixed|magnesium ion shell|
Na+|Na|0|0|ACM||Na+_s|Na+_z|Na+_z|0.2|1.2|Bounded|10|20|Bounded|0.08|0.2|Bounded|1|6|Bounded|0.166|1||||20|60|Bounded|4|24|Bounded|4|9|Bounded|2000|50000|Bounded|10|70|Bounded|sodium ion|Walz2018a
Na+_s|X|-7|-0.5|Bounded|||Na+_s_z||0|0|Fixed|0|0|Fixed|0|0|Fixed|0|0|Fixed|0|1|0.1|0.6|Bounded|4|30|Bounded|||||||0|0|Fixed|10|10|Fixed|sodium ion shell|
Cl-|Cl|0|0|ACM||Cl-_s|Cl-_z|Cl-_z|0.2|5|Bounded|10|20|Bounded|0.08|0.2|Bounded|1|6|Bounded|0.167|1||||20|60|Bounded|4|24|Bounded|4|9|Bounded|2000|50000|Bounded|10|70|Bounded|chloride ion|Walz2018a
Cl-_s|X|-9|-2|Bounded|||Cl-_s_z||0|0|Fixed|0|0|Fixed|0|0|Fixed|0|0|Fixed|0|1|2|5|Bounded|4|30|Bounded|||||||0|0|Fixed|10|10|Fixed|chloride ion shell|
I-|I|0|0|ACM||I-_s|I-_z|I-_z|0.2|5|Bounded|10|20|Bounded|0.08|0.2|Bounded|1|6|Bounded|0.206|1||||20|60|Bounded|4|24|Bounded|4|9|Bounded|2000|50000|Bounded|10|70|Bounded|iodide ion|Walz2018a
I-_s|X|-9|-2|Bounded|||I-_s_z||0|0|Fixed|0|0|Fixed|0|0|Fixed|0|0|Fixed|0|1|5|10|Bounded|4|30|Bounded|||||||0|0|Fixed|10|10|Fixed|iodide ion shell|
F-|F|0|0|ACM||F-_s|F-_z|F-_z|0.2|2|Bounded|10|20|Bounded|0.08|0.2|Bounded|1|6|Bounded|0.119|1||||20|60|Bounded|4|24|Bounded|4|9|Bounded|2000|50000|Bounded|10|70|Bounded|fluoride ion|Walz2018a
F-_s|X|-9|-2|Bounded|||F-_s_z||0|0|Fixed|0|0|Fixed|0|0|Fixed|0|0|Fixed|0|1|1|2|Bounded|4|30|Bounded|||||||0|0|Fixed|10|10|Fixed|fluoride ion shell|
Rb+|Rb|0|0|ACM||Rb+_s|Rb+_z|Rb+_z|0.2|3|Bounded|10|20|Bounded|0.08|0.2|Bounded|1|6|Bounded|0.166|1||||20|60|Bounded|4|24|Bounded|4|9|Bounded|2000|50000|Bounded|10|70|Bounded|rubidium ion|Walz2018a
Rb+_s|X|-7|-0.5|Bounded|||Rb+_s_z||0|0|Fixed|0|0|Fixed|0|0|Fixed|0|0|Fixed|0|1|1|2|Bounded|4|30|Bounded|||||||0|0|Fixed|10|10|Fixed|rubidium ion shell|
Li+|Li|0|0|ACM||Li+_s|Li+_z|Li+_z|0.2|1.2|Bounded|10|20|Bounded|0.08|0.2|Bounded|1|6|Bounded|0.09|1||||20|60|Bounded|4|24|Bounded|4|9|Bounded|2000|50000|Bounded|10|70|Bounded|lithium ion|Walz2018a
Li+_s|X|-7|-0.5|Bounded|||Li+_s_z||0|0|Fixed|0|0|Fixed|0|0|Fixed|0|0|Fixed|0|1|0|0.2|Bounded|4|30|Bounded|||||||0|0|Fixed|10|10|Fixed|lithium ion shell|
Br-|Br|0|0|ACM||Br-_s|Br-_z|Br-_z|0.2|4|Bounded|10|20|Bounded|0.08|0.2|Bounded|1|6|Bounded|0.182|1||||20|60|Bounded|4|24|Bounded|4|9|Bounded|2000|50000|Bounded|10|70|Bounded|bromide ion|Walz2018a
Br-_s|X|-9|-2|Bounded|||Br-_s_z||0|0|Fixed|0|0|Fixed|0|0|Fixed|0|0|Fixed|0|1|3|7|Bounded|4|30|Bounded|||||||0|0|Fixed|10|10|Fixed|bromide ion shell|
Cs+|Cs|0|0|ACM||Cs+_s|Cs+_z|Cs+_z|0.2|4|Bounded|10|20|Bounded|0.08|0.2|Bounded|1|6|Bounded|0.181|1||||20|60|Bounded|4|24|Bounded|4|9|Bounded|2000|50000|Bounded|10|70|Bounded|cesium ion|Walz2018a
Cs+_s|X|-7|-0.5|Bounded|||Cs+_s_z||0|0|Fixed|0|0|Fixed|0|0|Fixed|0|0|Fixed|0|1|1|4|Bounded|4|30|Bounded|||||||0|0|Fixed|10|10|Fixed|cesium ion shell|
K+|K|0|0|ACM||K+_s|K+_z|K+_z|0.2|2|Bounded|10|20|Bounded|0.08|0.2|Bounded|1|6|Bounded|0.152|1||||20|60|Bounded|4|24|Bounded|4|9|Bounded|2000|50000|Bounded|10|70|Bounded|potassium ion|Walz2018a
K+_s|X|-7|-0.5|Bounded|||K+_s_z||0|0|Fixed|0|0|Fixed|0|0|Fixed|0|0|Fixed|0|1|0.4|1.2|Bounded|4|30|Bounded|||||||0|0|Fixed|10|10|Fixed|potassium ion shell|
He|He|0|0|ACM||he_s|he_z|he_z|0.03|3|Bounded|10|25|Bounded|0.15|0.4|Bounded|1|25|Bounded|0.031|1||||20|60|Bounded|6|24|Bounded|2|5|Bounded|2000|50000|Bounded|10|70|Bounded|he|
he_s|X|-2|-0.5|Bounded|||he_s_z||0|0|Fixed|0|0|Fixed|0|0|Fixed|0|0|Fixed|0|1|0.208|0.208|Fixed|4|30|Bounded|||||||0|0|Fixed|10|10|Fixed|he shell|https://cccbdb.nist.gov/pollistx.asp
Ne|Ne|0|0|ACM||ne_s|ne_z|ne_z|0.03|3|Bounded|10|25|Bounded|0.15|0.4|Bounded|1|25|Bounded|0.031|1||||20|60|Bounded|6|24|Bounded|2|5|Bounded|2000|50000|Bounded|10|70|Bounded|ne|
ne_s|X|-2|-0.5|Bounded|||ne_s_z||0|0|Fixed|0|0|Fixed|0|0|Fixed|0|0|Fixed|0|1|0.381|0.381|Fixed|4|30|Bounded|||||||0|0|Fixed|10|10|Fixed|ne shell|https://cccbdb.nist.gov/pollistx.asp
Ar|Ar|0|0|ACM||ar_s|ar_z|ar_z|0.03|3|Bounded|10|25|Bounded|0.15|0.5|Bounded|1|25|Bounded|0.031|1||||20|60|Bounded|6|24|Bounded|2|5|Bounded|2000|50000|Bounded|10|70|Bounded|ar|
ar_s|X|-2|-0.5|Bounded|||ar_s_z||0|0|Fixed|0|0|Fixed|0|0|Fixed|0|0|Fixed|0|1|1.664|1.664|Fixed|4|30|Bounded|||||||0|0|Fixed|10|10|Fixed|ar shell|https://cccbdb.nist.gov/pollistx.asp
Kr|Kr|0|0|ACM||kr_s|kr_z|kr_z|0.03|3|Bounded|10|25|Bounded|0.15|0.6|Bounded|1|25|Bounded|0.031|1||||20|60|Bounded|6|24|Bounded|2|5|Bounded|2000|50000|Bounded|10|70|Bounded|kr|
kr_s|X|-2|-0.5|Bounded|||kr_s_z||0|0|Fixed|0|0|Fixed|0|0|Fixed|0|0|Fixed|0|1|2.498|2.498|Fixed|4|30|Bounded|||||||0|0|Fixed|10|10|Fixed|kr shell|https://cccbdb.nist.gov/pollistx.asp
Xe|Xe|0|0|ACM||xe_s|xe_z|xe_z|0.03|3|Bounded|10|25|Bounded|0.15|0.7|Bounded|1|25|Bounded|0.031|1||||20|60|Bounded|6|24|Bounded|2|5|Bounded|2000|50000|Bounded|10|70|Bounded|xe|
xe_s|X|-2|-0.5|Bounded|||xe_s_z||0|0|Fixed|0|0|Fixed|0|0|Fixed|0|0|Fixed|0|1|4.005|4.005|Fixed|4|30|Bounded|||||||0|0|Fixed|10|10|Fixed|xe shell|https://cccbdb.nist.gov/pollistx.asp
